0005e24211fcf58024cfc812d075360b_1_0;1;0;{/m/04zzb5t,/m/01mf0,/m/017rcq,/m/017rcq,/m/07c1v,/m/07c1v,/m/0157xl,/m/0157xl,/m/086nh,/m/086nh,/m/01mf0,/m/04zzb5t};292455
0005e24211fcf58024cfc812d075360b_1_1;1;1;{/m/07c1v,/m/086nh,/m/017rcq,/m/01mf0,/m/0157xl,/m/017rcq,/m/086nh,/m/04zzb5t,/m/04zzb5t,/m/07c1v,/m/01mf0,/m/0157xl};292455
0005e24211fcf58024cfc812d075360b_1_10;1;10;{/m/04zzb5t,/m/04zzb5t,/m/086nh,/m/017rcq,/m/017rcq,/m/086nh,/m/01mf0,/m/0157xl,/m/0157xl,/m/01mf0,/m/07c1v,/m/07c1v};292455
0005e24211fcf58024cfc812d075360b_1_11;1;11;{/m/04zzb5t,/m/0157xl,/m/01mf0,/m/07c1v,/m/017rcq,/m/01mf0,/m/07c1v,/m/017rcq,/m/086nh,/m/04zzb5t,/m/0157xl,/m/086nh};292455
0005e24211fcf58024cfc812d075360b_1_12;1;12;{/m/04zzb5t,/m/086nh,/m/017rcq,/m/017rcq,/m/086nh,/m/01mf0,/m/0157xl,/m/0157xl,/m/07c1v,/m/07c1v,/m/01mf0,/m/04zzb5t};292455
0005e24211fcf58024cfc812d075360b_1_13;1;13;{/m/017rcq,/m/017rcq,/m/086nh,/m/01mf0,/m/04zzb5t,/m/086nh,/m/07c1v,/m/0157xl,/m/0157xl,/m/04zzb5t,/m/01mf0,/m/07c1v};292455
0005e24211fcf58024cfc812d075360b_1_14;1;14;{/m/0157xl,/m/01mf0,/m/01mf0,/m/04zzb5t,/m/04zzb5t,/m/0157xl,/m/086nh,/m/017rcq,/m/017rcq,/m/086nh,/m/07c1v,/m/07c1v};292455
0005e24211fcf58024cfc812d075360b_1_15;1;15;{/m/04zzb5t,/m/07c1v,/m/086nh,/m/0157xl,/m/017rcq,/m/01mf0,/m/07c1v,/m/017rcq,/m/01mf0,/m/086nh,/m/0157xl,/m/04zzb5t};292455
0005e24211fcf58024cfc812d075360b_1_16;1;16;{/m/01mf0,/m/07c1v,/m/017rcq,/m/04zzb5t,/m/086nh,/m/0157xl,/m/04zzb5t,/m/01mf0,/m/07c1v,/m/017rcq,/m/0157xl,/m/086nh};292455
0005e24211fcf58024cfc812d075360b_1_17;1;17;{/m/01mf0,/m/086nh,/m/017rcq,/m/07c1v,/m/086nh,/m/01mf0,/m/0157xl,/m/0157xl,/m/07c1v,/m/017rcq,/m/04zzb5t,/m/04zzb5t};292455
0005e24211fcf58024cfc812d075360b_1_18;1;18;{/m/04zzb5t,/m/01mf0,/m/086nh,/m/017rcq,/m/07c1v,/m/04zzb5t,/m/0157xl,/m/086nh,/m/01mf0,/m/07c1v,/m/017rcq,/m/0157xl};292455
0005e24211fcf58024cfc812d075360b_1_19;1;19;{/m/04zzb5t,/m/01mf0,/m/0157xl,/m/017rcq,/m/086nh,/m/086nh,/m/01mf0,/m/04zzb5t,/m/017rcq,/m/0157xl,/m/07c1v,/m/07c1v};292455
0005e24211fcf58024cfc812d075360b_1_2;1;2;{/m/017rcq,/m/07c1v,/m/04zzb5t,/m/0157xl,/m/0157xl,/m/01mf0,/m/01mf0,/m/04zzb5t,/m/086nh,/m/017rcq,/m/07c1v,/m/086nh};292455
0005e24211fcf58024cfc812d075360b_1_3;1;3;{/m/07c1v,/m/07c1v,/m/086nh,/m/0157xl,/m/04zzb5t,/m/01mf0,/m/0157xl,/m/017rcq,/m/01mf0,/m/086nh,/m/017rcq,/m/04zzb5t};292455
0005e24211fcf58024cfc812d075360b_1_4;1;4;{/m/01mf0,/m/086nh,/m/04zzb5t,/m/0157xl,/m/017rcq,/m/01mf0,/m/086nh,/m/017rcq,/m/07c1v,/m/04zzb5t,/m/0157xl,/m/07c1v};292455
0005e24211fcf58024cfc812d075360b_1_5;1;5;{/m/01mf0,/m/07c1v,/m/04zzb5t,/m/086nh,/m/017rcq,/m/0157xl,/m/086nh,/m/04zzb5t,/m/0157xl,/m/01mf0,/m/07c1v,/m/017rcq};292455
0005e24211fcf58024cfc812d075360b_1_6;1;6;{/m/086nh,/m/0157xl,/m/04zzb5t,/m/086nh,/m/07c1v,/m/04zzb5t,/m/0157xl,/m/01mf0,/m/017rcq,/m/017rcq,/m/01mf0,/m/07c1v};292455
0005e24211fcf58024cfc812d075360b_1_7;1;7;{/m/017rcq,/m/04zzb5t,/m/0157xl,/m/07c1v,/m/01mf0,/m/086nh,/m/086nh,/m/0157xl,/m/07c1v,/m/01mf0,/m/04zzb5t,/m/017rcq};292455
0005e24211fcf58024cfc812d075360b_1_8;1;8;{/m/086nh,/m/017rcq,/m/04zzb5t,/m/086nh,/m/07c1v,/m/04zzb5t,/m/0157xl,/m/01mf0,/m/017rcq,/m/07c1v,/m/01mf0,/m/0157xl};292455
0005e24211fcf58024cfc812d075360b_1_9;1;9;{/m/0157xl,/m/07c1v,/m/07c1v,/m/04zzb5t,/m/01mf0,/m/0157xl,/m/017rcq,/m/01mf0,/m/086nh,/m/086nh,/m/04zzb5t,/m/017rcq};292455
0005e24211fcf58024cfc812d075360b_2_0;2;0;{/m/086nh,/m/017rcq,/m/04zzb5t,/m/07c1v,/m/01mf0,/m/01mf0,/m/017rcq,/m/0157xl,/m/07c1v,/m/086nh,/m/0157xl,/m/04zzb5t};292455
0005e24211fcf58024cfc812d075360b_2_1;2;1;{/m/04zzb5t,/m/086nh,/m/07c1v,/m/07c1v,/m/0157xl,/m/04zzb5t,/m/01mf0,/m/0157xl,/m/017rcq,/m/01mf0,/m/086nh,/m/017rcq};292455
0005e24211fcf58024cfc812d075360b_2_10;2;10;{/m/07c1v,/m/04zzb5t,/m/086nh,/m/017rcq,/m/017rcq,/m/086nh,/m/0157xl,/m/07c1v,/m/01mf0,/m/01mf0,/m/04zzb5t,/m/0157xl};292455
0005e24211fcf58024cfc812d075360b_2_11;2;11;{/m/04zzb5t,/m/017rcq,/m/01mf0,/m/086nh,/m/07c1v,/m/04zzb5t,/m/017rcq,/m/01mf0,/m/086nh,/m/07c1v,/m/0157xl,/m/0157xl};292455
0005e24211fcf58024cfc812d075360b_2_12;2;12;{/m/086nh,/m/07c1v,/m/017rcq,/m/01mf0,/m/04zzb5t,/m/017rcq,/m/07c1v,/m/086nh,/m/0157xl,/m/04zzb5t,/m/01mf0,/m/0157xl};292455
0005e24211fcf58024cfc812d075360b_2_13;2;13;{/m/0157xl,/m/01mf0,/m/086nh,/m/017rcq,/m/04zzb5t,/m/07c1v,/m/01mf0,/m/0157xl,/m/07c1v,/m/086nh,/m/017rcq,/m/04zzb5t};292455
0005e24211fcf58024cfc812d075360b_2_14;2;14;{/m/086nh,/m/017rcq,/m/07c1v,/m/04zzb5t,/m/01mf0,/m/086nh,/m/017rcq,/m/07c1v,/m/0157xl,/m/01mf0,/m/04zzb5t,/m/0157xl};292455
0005e24211fcf58024cfc812d075360b_2_15;2;15;{/m/0157xl,/m/01mf0,/m/07c1v,/m/017rcq,/m/01mf0,/m/086nh,/m/04zzb5t,/m/04zzb5t,/m/017rcq,/m/07c1v,/m/086nh,/m/0157xl};292455
0005e24211fcf58024cfc812d075360b_2_16;2;16;{/m/017rcq,/m/017rcq,/m/086nh,/m/01mf0,/m/04zzb5t,/m/07c1v,/m/07c1v,/m/0157xl,/m/0157xl,/m/086nh,/m/01mf0,/m/04zzb5t};292455
0005e24211fcf58024cfc812d075360b_2_17;2;17;{/m/07c1v,/m/07c1v,/m/0157xl,/m/01mf0,/m/01mf0,/m/0157xl,/m/017rcq,/m/017rcq,/m/086nh,/m/086nh,/m/04zzb5t,/m/04zzb5t};292455
0005e24211fcf58024cfc812d075360b_2_18;2;18;{/m/01mf0,/m/0157xl,/m/07c1v,/m/017rcq,/m/017rcq,/m/01mf0,/m/0157xl,/m/07c1v,/m/04zzb5t,/m/04zzb5t,/m/086nh,/m/086nh};292455
0005e24211fcf58024cfc812d075360b_2_19;2;19;{/m/0157xl,/m/017rcq,/m/04zzb5t,/m/0157xl,/m/07c1v,/m/01mf0,/m/01mf0,/m/086nh,/m/017rcq,/m/07c1v,/m/086nh,/m/04zzb5t};292455
0005e24211fcf58024cfc812d075360b_2_2;2;2;{/m/086nh,/m/017rcq,/m/04zzb5t,/m/086nh,/m/07c1v,/m/04zzb5t,/m/0157xl,/m/07c1v,/m/01mf0,/m/0157xl,/m/017rcq,/m/01mf0};292455
0005e24211fcf58024cfc812d075360b_2_3;2;3;{/m/086nh,/m/07c1v,/m/04zzb5t,/m/0157xl,/m/07c1v,/m/01mf0,/m/0157xl,/m/017rcq,/m/01mf0,/m/086nh,/m/017rcq,/m/04zzb5t};292455
0005e24211fcf58024cfc812d075360b_2_4;2;4;{/m/086nh,/m/0157xl,/m/07c1v,/m/086nh,/m/0157xl,/m/01mf0,/m/01mf0,/m/07c1v,/m/04zzb5t,/m/04zzb5t,/m/017rcq,/m/017rcq};292455
0005e24211fcf58024cfc812d075360b_2_5;2;5;{/m/0157xl,/m/04zzb5t,/m/07c1v,/m/07c1v,/m/01mf0,/m/0157xl,/m/017rcq,/m/086nh,/m/04zzb5t,/m/01mf0,/m/086nh,/m/017rcq};292455
0005e24211fcf58024cfc812d075360b_2_6;2;6;{/m/07c1v,/m/07c1v,/m/086nh,/m/086nh,/m/04zzb5t,/m/04zzb5t,/m/0157xl,/m/0157xl,/m/01mf0,/m/017rcq,/m/017rcq,/m/01mf0};292455
0005e24211fcf58024cfc812d075360b_2_7;2;7;{/m/04zzb5t,/m/07c1v,/m/086nh,/m/0157xl,/m/017rcq,/m/01mf0,/m/01mf0,/m/086nh,/m/0157xl,/m/04zzb5t,/m/07c1v,/m/017rcq};292455
0005e24211fcf58024cfc812d075360b_2_8;2;8;{/m/04zzb5t,/m/04zzb5t,/m/07c1v,/m/086nh,/m/0157xl,/m/017rcq,/m/017rcq,/m/07c1v,/m/086nh,/m/01mf0,/m/01mf0,/m/0157xl};292455
0005e24211fcf58024cfc812d075360b_2_9;2;9;{/m/01mf0,/m/086nh,/m/04zzb5t,/m/07c1v,/m/0157xl,/m/04zzb5t,/m/017rcq,/m/0157xl,/m/07c1v,/m/01mf0,/m/086nh,/m/017rcq};292455
0005e24211fcf58024cfc812d075360b_3_0;3;0;{/m/086nh,/m/0157xl,/m/04zzb5t,/m/086nh,/m/017rcq,/m/07c1v,/m/07c1v,/m/04zzb5t,/m/0157xl,/m/017rcq,/m/01mf0,/m/01mf0};292455
0005e24211fcf58024cfc812d075360b_3_1;3;1;{/m/01mf0,/m/07c1v,/m/04zzb5t,/m/0157xl,/m/086nh,/m/04zzb5t,/m/017rcq,/m/01mf0,/m/07c1v,/m/086nh,/m/0157xl,/m/017rcq};292455
0005e24211fcf58024cfc812d075360b_3_10;3;10;{/m/017rcq,/m/01mf0,/m/086nh,/m/07c1v,/m/07c1v,/m/0157xl,/m/0157xl,/m/017rcq,/m/01mf0,/m/086nh,/m/04zzb5t,/m/04zzb5t};292455
0005e24211fcf58024cfc812d075360b_3_11;3;11;{/m/017rcq,/m/07c1v,/m/04zzb5t,/m/086nh,/m/086nh,/m/04zzb5t,/m/07c1v,/m/0157xl,/m/0157xl,/m/01mf0,/m/01mf0,/m/017rcq};292455
0005e24211fcf58024cfc812d075360b_3_12;3;12;{/m/01mf0,/m/01mf0,/m/04zzb5t,/m/017rcq,/m/017rcq,/m/086nh,/m/086nh,/m/04zzb5t,/m/07c1v,/m/0157xl,/m/0157xl,/m/07c1v};292455
0005e24211fcf58024cfc812d075360b_3_13;3;13;{/m/01mf0,/m/07c1v,/m/07c1v,/m/0157xl,/m/0157xl,/m/04zzb5t,/m/017rcq,/m/01mf0,/m/086nh,/m/017rcq,/m/04zzb5t,/m/086nh};292455
0005e24211fcf58024cfc812d075360b_3_14;3;14;{/m/0157xl,/m/0157xl,/m/04zzb5t,/m/017rcq,/m/01mf0,/m/01mf0,/m/086nh,/m/04zzb5t,/m/017rcq,/m/086nh,/m/07c1v,/m/07c1v};292455
0005e24211fcf58024cfc812d075360b_3_15;3;15;{/m/017rcq,/m/0157xl,/m/086nh,/m/01mf0,/m/04zzb5t,/m/017rcq,/m/07c1v,/m/07c1v,/m/0157xl,/m/086nh,/m/01mf0,/m/04zzb5t};292455
0005e24211fcf58024cfc812d075360b_3_16;3;16;{/m/0157xl,/m/01mf0,/m/017rcq,/m/0157xl,/m/01mf0,/m/017rcq,/m/07c1v,/m/086nh,/m/04zzb5t,/m/07c1v,/m/086nh,/m/04zzb5t};292455
0005e24211fcf58024cfc812d075360b_3_17;3;17;{/m/086nh,/m/04zzb5t,/m/01mf0,/m/0157xl,/m/04zzb5t,/m/086nh,/m/07c1v,/m/01mf0,/m/017rcq,/m/017rcq,/m/0157xl,/m/07c1v};292455
0005e24211fcf58024cfc812d075360b_3_18;3;18;{/m/07c1v,/m/07c1v,/m/0157xl,/m/04zzb5t,/m/01mf0,/m/086nh,/m/086nh,/m/0157xl,/m/04zzb5t,/m/017rcq,/m/017rcq,/m/01mf0};292455
0005e24211fcf58024cfc812d075360b_3_19;3;19;{/m/017rcq,/m/017rcq,/m/01mf0,/m/0157xl,/m/086nh,/m/086nh,/m/07c1v,/m/04zzb5t,/m/0157xl,/m/01mf0,/m/04zzb5t,/m/07c1v};292455
0005e24211fcf58024cfc812d075360b_3_2;3;2;{/m/0157xl,/m/017rcq,/m/01mf0,/m/086nh,/m/04zzb5t,/m/07c1v,/m/07c1v,/m/0157xl,/m/086nh,/m/01mf0,/m/017rcq,/m/04zzb5t};292455
0005e24211fcf58024cfc812d075360b_3_3;3;3;{/m/07c1v,/m/07c1v,/m/017rcq,/m/086nh,/m/086nh,/m/04zzb5t,/m/04zzb5t,/m/01mf0,/m/0157xl,/m/017rcq,/m/01mf0,/m/0157xl};292455
0005e24211fcf58024cfc812d075360b_3_4;3;4;{/m/086nh,/m/017rcq,/m/07c1v,/m/07c1v,/m/04zzb5t,/m/0157xl,/m/0157xl,/m/01mf0,/m/01mf0,/m/086nh,/m/017rcq,/m/04zzb5t};292455
0005e24211fcf58024cfc812d075360b_3_5;3;5;{/m/01mf0,/m/0157xl,/m/086nh,/m/086nh,/m/04zzb5t,/m/07c1v,/m/07c1v,/m/017rcq,/m/0157xl,/m/01mf0,/m/017rcq,/m/04zzb5t};292455
0005e24211fcf58024cfc812d075360b_3_6;3;6;{/m/04zzb5t,/m/04zzb5t,/m/086nh,/m/017rcq,/m/017rcq,/m/07c1v,/m/01mf0,/m/086nh,/m/0157xl,/m/0157xl,/m/07c1v,/m/01mf0};292455
0005e24211fcf58024cfc812d075360b_3_7;3;7;{/m/07c1v,/m/0157xl,/m/0157xl,/m/07c1v,/m/01mf0,/m/01mf0,/m/04zzb5t,/m/017rcq,/m/017rcq,/m/086nh,/m/086nh,/m/04zzb5t};292455
0005e24211fcf58024cfc812d075360b_3_8;3;8;{/m/07c1v,/m/04zzb5t,/m/01mf0,/m/086nh,/m/086nh,/m/01mf0,/m/017rcq,/m/017rcq,/m/04zzb5t,/m/0157xl,/m/0157xl,/m/07c1v};292455
0005e24211fcf58024cfc812d075360b_3_9;3;9;{/m/086nh,/m/01mf0,/m/01mf0,/m/017rcq,/m/017rcq,/m/0157xl,/m/0157xl,/m/07c1v,/m/04zzb5t,/m/086nh,/m/07c1v,/m/04zzb5t};292455
00257f72bd8cc885dc317abc0c0d3679_1_0;1;0;{/m/02pvjn,/m/019_rr,/m/0j7n6gx,/m/02pdvpt,/m/032tl};265466
00257f72bd8cc885dc317abc0c0d3679_1_1;1;1;{/m/02pvjn,/m/02pdvpt,/m/032tl,/m/0j7n6gx,/m/019_rr};265466
00257f72bd8cc885dc317abc0c0d3679_1_10;1;10;{/m/019_rr,/m/0j7n6gx,/m/02pvjn,/m/02pdvpt,/m/032tl};265466
00257f72bd8cc885dc317abc0c0d3679_1_11;1;11;{/m/02pdvpt,/m/019_rr,/m/02pvjn,/m/0j7n6gx,/m/032tl};265466
00257f72bd8cc885dc317abc0c0d3679_1_12;1;12;{/m/0j7n6gx,/m/02pdvpt,/m/032tl,/m/019_rr,/m/02pvjn};265466
00257f72bd8cc885dc317abc0c0d3679_1_13;1;13;{/m/02pvjn,/m/02pdvpt,/m/032tl,/m/019_rr,/m/0j7n6gx};265466
00257f72bd8cc885dc317abc0c0d3679_1_14;1;14;{/m/02pdvpt,/m/032tl,/m/02pvjn,/m/019_rr,/m/0j7n6gx};265466
00257f72bd8cc885dc317abc0c0d3679_1_15;1;15;{/m/02pdvpt,/m/02pvjn,/m/032tl,/m/019_rr,/m/0j7n6gx};265466
00257f72bd8cc885dc317abc0c0d3679_1_16;1;16;{/m/02pdvpt,/m/0j7n6gx,/m/02pvjn,/m/032tl,/m/019_rr};265466
00257f72bd8cc885dc317abc0c0d3679_1_17;1;17;{/m/02pvjn,/m/02pdvpt,/m/019_rr,/m/0j7n6gx,/m/032tl};265466
00257f72bd8cc885dc317abc0c0d3679_1_18;1;18;{/m/019_rr,/m/032tl,/m/0j7n6gx,/m/02pvjn,/m/02pdvpt};265466
00257f72bd8cc885dc317abc0c0d3679_1_19;1;19;{/m/0j7n6gx,/m/02pvjn,/m/032tl,/m/02pdvpt,/m/019_rr};265466
00257f72bd8cc885dc317abc0c0d3679_1_2;1;2;{/m/032tl,/m/0j7n6gx,/m/019_rr,/m/02pvjn,/m/02pdvpt};265466
00257f72bd8cc885dc317abc0c0d3679_1_3;1;3;{/m/02pvjn,/m/019_rr,/m/0j7n6gx,/m/032tl,/m/02pdvpt};265466
00257f72bd8cc885dc317abc0c0d3679_1_4;1;4;{/m/02pdvpt,/m/02pvjn,/m/032tl,/m/019_rr,/m/0j7n6gx};265466
00257f72bd8cc885dc317abc0c0d3679_1_5;1;5;{/m/02pvjn,/m/0j7n6gx,/m/019_rr,/m/02pdvpt,/m/032tl};265466
00257f72bd8cc885dc317abc0c0d3679_1_6;1;6;{/m/019_rr,/m/02pdvpt,/m/032tl,/m/0j7n6gx,/m/02pvjn};265466
00257f72bd8cc885dc317abc0c0d3679_1_7;1;7;{/m/02pvjn,/m/019_rr,/m/02pdvpt,/m/032tl,/m/0j7n6gx};265466
00257f72bd8cc885dc317abc0c0d3679_1_8;1;8;{/m/02pvjn,/m/02pdvpt,/m/032tl,/m/019_rr,/m/0j7n6gx};265466
00257f72bd8cc885dc317abc0c0d3679_1_9;1;9;{/m/019_rr,/m/032tl,/m/02pvjn,/m/0j7n6gx,/m/02pdvpt};265466
00257f72bd8cc885dc317abc0c0d3679_2_0;2;0;{/m/02pdvpt,/m/02pvjn,/m/019_rr,/m/0j7n6gx,/m/032tl};265466
00257f72bd8cc885dc317abc0c0d3679_2_1;2;1;{/m/02pdvpt,/m/019_rr,/m/0j7n6gx,/m/032tl,/m/02pvjn};265466
00257f72bd8cc885dc317abc0c0d3679_2_10;2;10;{/m/019_rr,/m/0j7n6gx,/m/02pvjn,/m/02pdvpt,/m/032tl};265466
00257f72bd8cc885dc317abc0c0d3679_2_11;2;11;{/m/02pdvpt,/m/02pvjn,/m/019_rr,/m/032tl,/m/0j7n6gx};265466
00257f72bd8cc885dc317abc0c0d3679_2_12;2;12;{/m/032tl,/m/019_rr,/m/0j7n6gx,/m/02pdvpt,/m/02pvjn};265466
00257f72bd8cc885dc317abc0c0d3679_2_13;2;13;{/m/032tl,/m/019_rr,/m/02pdvpt,/m/0j7n6gx,/m/02pvjn};265466
00257f72bd8cc885dc317abc0c0d3679_2_14;2;14;{/m/032tl,/m/02pvjn,/m/0j7n6gx,/m/02pdvpt,/m/019_rr};265466
00257f72bd8cc885dc317abc0c0d3679_2_15;2;15;{/m/0j7n6gx,/m/019_rr,/m/032tl,/m/02pdvpt,/m/02pvjn};265466
00257f72bd8cc885dc317abc0c0d3679_2_16;2;16;{/m/02pvjn,/m/019_rr,/m/02pdvpt,/m/032tl,/m/0j7n6gx};265466
00257f72bd8cc885dc317abc0c0d3679_2_17;2;17;{/m/02pvjn,/m/02pdvpt,/m/032tl,/m/019_rr,/m/0j7n6gx};265466
00257f72bd8cc885dc317abc0c0d3679_2_18;2;18;{/m/02pdvpt,/m/019_rr,/m/032tl,/m/0j7n6gx,/m/02pvjn};265466
00257f72bd8cc885dc317abc0c0d3679_2_19;2;19;{/m/02pdvpt,/m/019_rr,/m/032tl,/m/02pvjn,/m/0j7n6gx};265466
00257f72bd8cc885dc317abc0c0d3679_2_2;2;2;{/m/019_rr,/m/032tl,/m/02pdvpt,/m/0j7n6gx,/m/02pvjn};265466
00257f72bd8cc885dc317abc0c0d3679_2_3;2;3;{/m/032tl,/m/02pvjn,/m/02pdvpt,/m/0j7n6gx,/m/019_rr};265466
00257f72bd8cc885dc317abc0c0d3679_2_4;2;4;{/m/032tl,/m/019_rr,/m/0j7n6gx,/m/02pdvpt,/m/02pvjn};265466
00257f72bd8cc885dc317abc0c0d3679_2_5;2;5;{/m/02pvjn,/m/019_rr,/m/032tl,/m/0j7n6gx,/m/02pdvpt};265466
00257f72bd8cc885dc317abc0c0d3679_2_6;2;6;{/m/019_rr,/m/0j7n6gx,/m/02pdvpt,/m/032tl,/m/02pvjn};265466
00257f72bd8cc885dc317abc0c0d3679_2_7;2;7;{/m/02pdvpt,/m/032tl,/m/019_rr,/m/0j7n6gx,/m/02pvjn};265466
00257f72bd8cc885dc317abc0c0d3679_2_8;2;8;{/m/02pdvpt,/m/032tl,/m/019_rr,/m/0j7n6gx,/m/02pvjn};265466
00257f72bd8cc885dc317abc0c0d3679_2_9;2;9;{/m/02pdvpt,/m/019_rr,/m/032tl,/m/02pvjn,/m/0j7n6gx};265466
